"","Pos","Player","Pts","Bye","week","team","Opponent","OppId","NFLTeam","NFLPos"
"1","QB","Colin Kaepernick",17,0,1,1,"Quad Box",4,"SF","QB"
"2","RB","Adrian Peterson",8,0,1,1,"Quad Box",4,"Min","RB"
"3","RB","Trent Richardson",5,0,1,1,"Quad Box",4,"Ind","RB"
"4","WR","Antonio Brown",17,0,1,1,"Quad Box",4,"Pit","WR"
"5","WR","Eric Decker",7,0,1,1,"Quad Box",4,"NYJ","WR"
"6","TE","Jordan Cameron",4,0,1,1,"Quad Box",4,"Cle","TE"
"7","FLEX","Knowshon Moreno",19,0,1,1,"Quad Box",4,"Mia","RB"
"8","K","Justin Tucker",3,0,1,1,"Quad Box",4,"Bal","K"
"9","D/ST","Texans",24,0,1,1,"Quad Box",4,"Hou","D/ST"
"10","BN","Ray Rice",0,1,1,1,"Quad Box",4,"FA","RB"
"11","BN","Sammy Watkins",3,0,1,1,"Quad Box",4,"Buf","WR"
"12","BN","Andy Dalton",18,0,1,1,"Quad Box",4,"Cin","QB"
"13","BN","Carlos Hyde",11,0,1,1,"Quad Box",4,"SF","RB"
"14","BN","Jonathan Stewart",3,0,1,1,"Quad Box",4,"Car","RB"
"15","BN","Allen Hurns",23,0,1,1,"Quad Box",4,"Jac","WR"
"16","IR","",0,1,1,1,"Quad Box",4,"",""
"17","QB","Andy Dalton",14,0,2,1,"Home of Minitron",11,"Cin","QB"
"18","RB","Knowshon Moreno",0,0,2,1,"Home of Minitron",11,"Mia","RB"
"19","RB","Jonathan Stewart",11,0,2,1,"Home of Minitron",11,"Car","RB"
"20","WR","Antonio Brown",10,0,2,1,"Home of Minitron",11,"Pit","WR"
"21","WR","Eric Decker",12,0,2,1,"Home of Minitron",11,"NYJ","WR"
"22","TE","Larry Donnell",8,0,2,1,"Home of Minitron",11,"NYG","TE"
"23","FLEX","Allen Hurns",1,0,2,1,"Home of Minitron",11,"Jac","WR"
"24","K","Justin Tucker",14,0,2,1,"Home of Minitron",11,"Bal","K"
"25","D/ST","Texans",9,0,2,1,"Home of Minitron",11,"Hou","D/ST"
"26","BN","Adrian Peterson",0,0,2,1,"Home of Minitron",11,"Min","RB"
"27","BN","Trent Richardson",6,0,2,1,"Home of Minitron",11,"Ind","RB"
"28","BN","Colin Kaepernick",11,0,2,1,"Home of Minitron",11,"SF","QB"
"29","BN","Jordan Cameron",0,0,2,1,"Home of Minitron",11,"Cle","TE"
"30","BN","Sammy Watkins",17,0,2,1,"Home of Minitron",11,"Buf","WR"
"31","BN","Carlos Hyde",0,0,2,1,"Home of Minitron",11,"SF","RB"
"32","IR","",0,1,2,1,"Home of Minitron",11,"",""
"33","QB","Colin Kaepernick",18,0,3,1,"Boston Bobcatz",6,"SF","QB"
"34","RB","Trent Richardson",7,0,3,1,"Boston Bobcatz",6,"Ind","RB"
"35","RB","Alfred Blue",8,0,3,1,"Boston Bobcatz",6,"Hou","RB"
"36","WR","Antonio Brown",21,0,3,1,"Boston Bobcatz",6,"Pit","WR"
"37","WR","Sammy Watkins",1,0,3,1,"Boston Bobcatz",6,"Buf","WR"
"38","TE","Jordan Cameron",2,0,3,1,"Boston Bobcatz",6,"Cle","TE"
"39","FLEX","Eric Decker",1,0,3,1,"Boston Bobcatz",6,"NYJ","WR"
"40","K","Justin Tucker",11,0,3,1,"Boston Bobcatz",6,"Bal","K"
"41","D/ST","Texans",-1,0,3,1,"Boston Bobcatz",6,"Hou","D/ST"
"42","BN","Adrian Peterson",0,0,3,1,"Boston Bobcatz",6,"Min","RB"
"43","BN","Andy Dalton",11,0,3,1,"Boston Bobcatz",6,"Cin","QB"
"44","BN","Carlos Hyde",7,0,3,1,"Boston Bobcatz",6,"SF","RB"
"45","BN","Jonathan Stewart",4,0,3,1,"Boston Bobcatz",6,"Car","RB"
"46","BN","Allen Hurns",12,0,3,1,"Boston Bobcatz",6,"Jac","WR"
"47","BN","Larry Donnell",2,0,3,1,"Boston Bobcatz",6,"NYG","TE"
"48","IR","Knowshon Moreno",0,0,3,1,"Boston Bobcatz",6,"Mia","RB"
"49","QB","Colin Kaepernick",19,0,4,1,"Marcy Project Freestylers",10,"SF","QB"
"50","RB","Trent Richardson",15,0,4,1,"Marcy Project Freestylers",10,"Ind","RB"
"51","RB","Bishop Sankey",11,0,4,1,"Marcy Project Freestylers",10,"Ten","RB"
"52","WR","Antonio Brown",25,0,4,1,"Marcy Project Freestylers",10,"Pit","WR"
"53","WR","Sammy Watkins",9,0,4,1,"Marcy Project Freestylers",10,"Buf","WR"
"54","TE","Larry Donnell",23,0,4,1,"Marcy Project Freestylers",10,"NYG","TE"
"55","FLEX","Bernard Pierce",0,0,4,1,"Marcy Project Freestylers",10,"Bal","RB"
"56","K","Justin Tucker",7,0,4,1,"Marcy Project Freestylers",10,"Bal","K"
"57","D/ST","Texans",13,0,4,1,"Marcy Project Freestylers",10,"Hou","D/ST"
"58","BN","Jordan Cameron",0,1,4,1,"Marcy Project Freestylers",10,"Cle","TE"
"59","BN","Eric Decker",10,0,4,1,"Marcy Project Freestylers",10,"NYJ","WR"
"60","BN","Andy Dalton",0,1,4,1,"Marcy Project Freestylers",10,"Cin","QB"
"61","BN","Carlos Hyde",2,0,4,1,"Marcy Project Freestylers",10,"SF","RB"
"62","BN","Allen Hurns",6,0,4,1,"Marcy Project Freestylers",10,"Jac","WR"
"63","BN","Alfred Blue",1,0,4,1,"Marcy Project Freestylers",10,"Hou","RB"
"64","IR","Knowshon Moreno",0,0,4,1,"Marcy Project Freestylers",10,"Mia","RB"
"65","QB","Colin Kaepernick",13,0,5,1,"Wilfork Island",5,"SF","QB"
"66","RB","Trent Richardson",4,0,5,1,"Wilfork Island",5,"Ind","RB"
"67","RB","Bishop Sankey",2,0,5,1,"Wilfork Island",5,"Ten","RB"
"68","WR","Antonio Brown",8,0,5,1,"Wilfork Island",5,"Pit","WR"
"69","WR","Sammy Watkins",8,0,5,1,"Wilfork Island",5,"Buf","WR"
"70","TE","Larry Donnell",0,0,5,1,"Wilfork Island",5,"NYG","TE"
"71","FLEX","Jordan Cameron",3,0,5,1,"Wilfork Island",5,"Cle","TE"
"72","K","Justin Tucker",9,0,5,1,"Wilfork Island",5,"Bal","K"
"73","D/ST","Texans",7,0,5,1,"Wilfork Island",5,"Hou","D/ST"
"74","BN","Eric Decker",0,0,5,1,"Wilfork Island",5,"NYJ","WR"
"75","BN","Andy Dalton",17,0,5,1,"Wilfork Island",5,"Cin","QB"
"76","BN","Carlos Hyde",4,0,5,1,"Wilfork Island",5,"SF","RB"
"77","BN","Allen Hurns",2,0,5,1,"Wilfork Island",5,"Jac","WR"
"78","BN","Alfred Blue",1,0,5,1,"Wilfork Island",5,"Hou","RB"
"79","BN","Bernard Pierce",3,0,5,1,"Wilfork Island",5,"Bal","RB"
"80","IR","Knowshon Moreno",0,1,5,1,"Wilfork Island",5,"Mia","RB"
"81","QB","Jay Cutler",17,0,1,2,"Coffin Corner Gunners",3,"Chi","QB"
"82","RB","Ben Tate",4,0,1,2,"Coffin Corner Gunners",3,"Cle","RB"
"83","RB","Steven Jackson",5,0,1,2,"Coffin Corner Gunners",3,"Atl","RB"
"84","WR","A.J. Green",19,0,1,2,"Coffin Corner Gunners",3,"Cin","WR"
"85","WR","Andre Johnson",9,0,1,2,"Coffin Corner Gunners",3,"Hou","WR"
"86","TE","Martellus Bennett",13,0,1,2,"Coffin Corner Gunners",3,"Chi","TE"
"87","FLEX","Cordarrelle Patterson",18,0,1,2,"Coffin Corner Gunners",3,"Min","WR"
"88","K","Adam Vinatieri",6,0,1,2,"Coffin Corner Gunners",3,"Ind","K"
"89","D/ST","Buccaneers",1,0,1,2,"Coffin Corner Gunners",3,"TB","D/ST"
"90","BN","Randall Cobb",11,0,1,2,"Coffin Corner Gunners",3,"GB","WR"
"91","BN","Shane Vereen",12,0,1,2,"Coffin Corner Gunners",3,"NE","RB"
"92","BN","Andre Ellington",5,0,1,2,"Coffin Corner Gunners",3,"Ari","RB"
"93","BN","Mike Evans",3,0,1,2,"Coffin Corner Gunners",3,"TB","WR"
"94","BN","Alex Smith",9,0,1,2,"Coffin Corner Gunners",3,"KC","QB"
"95","BN","Josh Gordon",0,0,1,2,"Coffin Corner Gunners",3,"Cle","WR"
"96","IR","",0,1,1,2,"Coffin Corner Gunners",3,"",""
"97","QB","Jake Locker",9,0,2,2,"Marcy Project Freestylers",10,"Ten","QB"
"98","RB","Steven Jackson",4,0,2,2,"Marcy Project Freestylers",10,"Atl","RB"
"99","RB","Shane Vereen",4,0,2,2,"Marcy Project Freestylers",10,"NE","RB"
"100","WR","A.J. Green",0,0,2,2,"Marcy Project Freestylers",10,"Cin","WR"
"101","WR","Andre Johnson",7,0,2,2,"Marcy Project Freestylers",10,"Hou","WR"
"102","TE","Martellus Bennett",9,0,2,2,"Marcy Project Freestylers",10,"Chi","TE"
"103","FLEX","Mike Evans",4,0,2,2,"Marcy Project Freestylers",10,"TB","WR"
"104","K","Adam Vinatieri",10,0,2,2,"Marcy Project Freestylers",10,"Ind","K"
"105","D/ST","Buccaneers",4,0,2,2,"Marcy Project Freestylers",10,"TB","D/ST"
"106","BN","Randall Cobb",17,0,2,2,"Marcy Project Freestylers",10,"GB","WR"
"107","BN","Cordarrelle Patterson",5,0,2,2,"Marcy Project Freestylers",10,"Min","WR"
"108","BN","Andre Ellington",10,0,2,2,"Marcy Project Freestylers",10,"Ari","RB"
"109","BN","Jay Cutler",25,0,2,2,"Marcy Project Freestylers",10,"Chi","QB"
"110","BN","Josh Gordon",0,0,2,2,"Marcy Project Freestylers",10,"Cle","WR"
"111","BN","Bobby Rainey",17,0,2,2,"Marcy Project Freestylers",10,"TB","RB"
"112","IR","Ben Tate",0,0,2,2,"Marcy Project Freestylers",10,"Cle","RB"
"113","QB","Jay Cutler",16,0,3,2,"Wilfork Island",5,"Chi","QB"
"114","RB","Andre Ellington",7,0,3,2,"Wilfork Island",5,"Ari","RB"
"115","RB","Bobby Rainey",6,0,3,2,"Wilfork Island",5,"TB","RB"
"116","WR","Andre Johnson",2,0,3,2,"Wilfork Island",5,"Hou","WR"
"117","WR","Randall Cobb",2,0,3,2,"Wilfork Island",5,"GB","WR"
"118","TE","Martellus Bennett",17,0,3,2,"Wilfork Island",5,"Chi","TE"
"119","FLEX","A.J. Green",10,0,3,2,"Wilfork Island",5,"Cin","WR"
"120","K","Adam Vinatieri",16,0,3,2,"Wilfork Island",5,"Ind","K"
"121","D/ST","Buccaneers",5,0,3,2,"Wilfork Island",5,"TB","D/ST"
"122","BN","Steven Jackson",11,0,3,2,"Wilfork Island",5,"Atl","RB"
"123","BN","Cordarrelle Patterson",6,0,3,2,"Wilfork Island",5,"Min","WR"
"124","BN","Shane Vereen",3,0,3,2,"Wilfork Island",5,"NE","RB"
"125","BN","Mike Evans",5,0,3,2,"Wilfork Island",5,"TB","WR"
"126","BN","Josh Gordon",0,0,3,2,"Wilfork Island",5,"Cle","WR"
"127","BN","Jake Locker",8,0,3,2,"Wilfork Island",5,"Ten","QB"
"128","IR","Ben Tate",0,0,3,2,"Wilfork Island",5,"Cle","RB"
"129","QB","Jay Cutler",16,0,4,2,"Boston Bobcatz",6,"Chi","QB"
"130","RB","Steven Jackson",5,0,4,2,"Boston Bobcatz",6,"Atl","RB"
"131","RB","Lorenzo Taliaferro",11,0,4,2,"Boston Bobcatz",6,"Bal","RB"
"132","WR","Andre Johnson",5,0,4,2,"Boston Bobcatz",6,"Hou","WR"
"133","WR","Randall Cobb",23,0,4,2,"Boston Bobcatz",6,"GB","WR"
"134","TE","Martellus Bennett",13,0,4,2,"Boston Bobcatz",6,"Chi","TE"
"135","FLEX","Cordarrelle Patterson",3,0,4,2,"Boston Bobcatz",6,"Min","WR"
"136","K","Adam Vinatieri",11,0,4,2,"Boston Bobcatz",6,"Ind","K"
"137","D/ST","Raiders",-1,0,4,2,"Boston Bobcatz",6,"Oak","D/ST"
"138","BN","Ben Tate",0,1,4,2,"Boston Bobcatz",6,"Cle","RB"
"139","BN","A.J. Green",0,1,4,2,"Boston Bobcatz",6,"Cin","WR"
"140","BN","Shane Vereen",6,0,4,2,"Boston Bobcatz",6,"NE","RB"
"141","BN","Andre Ellington",0,1,4,2,"Boston Bobcatz",6,"Ari","RB"
"142","BN","Josh Gordon",0,1,4,2,"Boston Bobcatz",6,"Cle","WR"
"143","BN","Bobby Rainey",1,0,4,2,"Boston Bobcatz",6,"TB","RB"
"144","IR","",0,1,4,2,"Boston Bobcatz",6,"",""
"145","QB","Jay Cutler",21,0,5,2,"Home of Minitron",11,"Chi","QB"
"146","RB","Ben Tate",12,0,5,2,"Home of Minitron",11,"Cle","RB"
"147","RB","Andre Ellington",26,0,5,2,"Home of Minitron",11,"Ari","RB"
"148","WR","A.J. Green",12,0,5,2,"Home of Minitron",11,"Cin","WR"
"149","WR","Randall Cobb",9,0,5,2,"Home of Minitron",11,"GB","WR"
"150","TE","Martellus Bennett",1,0,5,2,"Home of Minitron",11,"Chi","TE"
"151","FLEX","Andre Johnson",5,0,5,2,"Home of Minitron",11,"Hou","WR"
"152","K","Adam Vinatieri",8,0,5,2,"Home of Minitron",11,"Ind","K"
"153","D/ST","Steelers",15,0,5,2,"Home of Minitron",11,"Pit","D/ST"
"154","BN","Steven Jackson",12,0,5,2,"Home of Minitron",11,"Atl","RB"
"155","BN","Cordarrelle Patterson",0,0,5,2,"Home of Minitron",11,"Min","WR"
"156","BN","Shane Vereen",10,0,5,2,"Home of Minitron",11,"NE","RB"
"157","BN","Josh Gordon",0,0,5,2,"Home of Minitron",11,"Cle","WR"
"158","BN","Bobby Rainey",10,0,5,2,"Home of Minitron",11,"TB","RB"
"159","BN","Lorenzo Taliaferro",1,0,5,2,"Home of Minitron",11,"Bal","RB"
"160","IR","",0,1,5,2,"Home of Minitron",11,"",""
"161","QB","Nick Foles",14,0,1,3,"Stuck in Gears",2,"Phi","QB"
"162","RB","LeSean McCoy",11,0,1,3,"Stuck in Gears",2,"Phi","RB"
"163","RB","Giovani Bernard",10,0,1,3,"Stuck in Gears",2,"Cin","RB"
"164","WR","Keenan Allen",3,0,1,3,"Stuck in Gears",2,"SD","WR"
"165","WR","Percy Harvin",9,0,1,3,"Stuck in Gears",2,"Sea","WR"
"166","TE","Jordan Reed",0,0,1,3,"Stuck in Gears",2,"Wsh","TE"
"167","FLEX","C.J. Spiller",12,0,1,3,"Stuck in Gears",2,"Buf","RB"
"168","K","Nick Folk",9,0,1,3,"Stuck in Gears",2,"NYJ","K"
"169","D/ST","49ers",18,0,1,3,"Stuck in Gears",2,"SF","D/ST"
"170","BN","Stevan Ridley",2,0,1,3,"Stuck in Gears",2,"NE","RB"
"171","BN","Mike Wallace",12,0,1,3,"Stuck in Gears",2,"Mia","WR"
"172","BN","Lamar Miller",10,0,1,3,"Stuck in Gears",2,"Mia","RB"
"173","BN","Shonn Greene",7,0,1,3,"Stuck in Gears",2,"Ten","RB"
"174","BN","Dwayne Bowe",0,0,1,3,"Stuck in Gears",2,"KC","WR"
"175","BN","Chiefs",1,0,1,3,"Stuck in Gears",2,"KC","D/ST"
"176","IR","",0,1,1,3,"Stuck in Gears",2,"",""
"177","QB","Nick Foles",17,0,2,3,"Tom Terrific",12,"Phi","QB"
"178","RB","LeSean McCoy",15,0,2,3,"Tom Terrific",12,"Phi","RB"
"179","RB","Giovani Bernard",22,0,2,3,"Tom Terrific",12,"Cin","RB"
"180","WR","Percy Harvin",8,0,2,3,"Tom Terrific",12,"Sea","WR"
"181","WR","Mike Wallace",11,0,2,3,"Tom Terrific",12,"Mia","WR"
"182","TE","Jermaine Gresham",2,0,2,3,"Tom Terrific",12,"Cin","TE"
"183","FLEX","C.J. Spiller",12,0,2,3,"Tom Terrific",12,"Buf","RB"
"184","K","Mike Nugent",3,0,2,3,"Tom Terrific",12,"Cin","K"
"185","D/ST","49ers",-1,0,2,3,"Tom Terrific",12,"SF","D/ST"
"186","BN","Keenan Allen",5,0,2,3,"Tom Terrific",12,"SD","WR"
"187","BN","Stevan Ridley",16,0,2,3,"Tom Terrific",12,"NE","RB"
"188","BN","Lamar Miller",4,0,2,3,"Tom Terrific",12,"Mia","RB"
"189","BN","Shonn Greene",4,0,2,3,"Tom Terrific",12,"Ten","RB"
"190","BN","Dwayne Bowe",4,0,2,3,"Tom Terrific",12,"KC","WR"
"191","BN","Lorenzo Taliaferro",0,0,2,3,"Tom Terrific",12,"Bal","RB"
"192","IR","",0,1,2,3,"Tom Terrific",12,"",""
"193","QB","Nick Foles",26,0,3,3,"Mr. Ambree Hinano!",8,"Phi","QB"
"194","RB","LeSean McCoy",2,0,3,3,"Mr. Ambree Hinano!",8,"Phi","RB"
"195","RB","Giovani Bernard",16,0,3,3,"Mr. Ambree Hinano!",8,"Cin","RB"
"196","WR","Keenan Allen",1,0,3,3,"Mr. Ambree Hinano!",8,"SD","WR"
"197","WR","Percy Harvin",4,0,3,3,"Mr. Ambree Hinano!",8,"Sea","WR"
"198","TE","Niles Paul",6,0,3,3,"Mr. Ambree Hinano!",8,"Wsh","TE"
"199","FLEX","Stevan Ridley",5,0,3,3,"Mr. Ambree Hinano!",8,"NE","RB"
"200","K","Graham Gano",9,0,3,3,"Mr. Ambree Hinano!",8,"Car","K"
"201","D/ST","49ers",1,0,3,3,"Mr. Ambree Hinano!",8,"SF","D/ST"
"202","BN","C.J. Spiller",5,0,3,3,"Mr. Ambree Hinano!",8,"Buf","RB"
"203","BN","Mike Wallace",8,0,3,3,"Mr. Ambree Hinano!",8,"Mia","WR"
"204","BN","Lamar Miller",12,0,3,3,"Mr. Ambree Hinano!",8,"Mia","RB"
"205","BN","Shonn Greene",9,0,3,3,"Mr. Ambree Hinano!",8,"Ten","RB"
"206","BN","Dwayne Bowe",3,0,3,3,"Mr. Ambree Hinano!",8,"KC","WR"
"207","BN","Brian Quick",12,0,3,3,"Mr. Ambree Hinano!",8,"StL","WR"
"208","IR","",0,1,3,3,"Mr. Ambree Hinano!",8,"",""
"209","QB","Nick Foles",3,0,4,3,"Now I'm Selling Cars N I know Y",7,"Phi","QB"
"210","RB","LeSean McCoy",1,0,4,3,"Now I'm Selling Cars N I know Y",7,"Phi","RB"
"211","RB","Lamar Miller",16,0,4,3,"Now I'm Selling Cars N I know Y",7,"Mia","RB"
"212","WR","Keenan Allen",13,0,4,3,"Now I'm Selling Cars N I know Y",7,"SD","WR"
"213","WR","Mike Wallace",9,0,4,3,"Now I'm Selling Cars N I know Y",7,"Mia","WR"
"214","TE","Niles Paul",6,0,4,3,"Now I'm Selling Cars N I know Y",7,"Wsh","TE"
"215","FLEX","C.J. Spiller",8,0,4,3,"Now I'm Selling Cars N I know Y",7,"Buf","RB"
"216","K","Shaun Suisham",5,0,4,3,"Now I'm Selling Cars N I know Y",7,"Pit","K"
"217","D/ST","Lions",7,0,4,3,"Now I'm Selling Cars N I know Y",7,"Det","D/ST"
"218","BN","Giovani Bernard",0,1,4,3,"Now I'm Selling Cars N I know Y",7,"Cin","RB"
"219","BN","Percy Harvin",0,1,4,3,"Now I'm Selling Cars N I know Y",7,"Sea","WR"
"220","BN","Stevan Ridley",2,0,4,3,"Now I'm Selling Cars N I know Y",7,"NE","RB"
"221","BN","Shonn Greene",1,0,4,3,"Now I'm Selling Cars N I know Y",7,"Ten","RB"
"222","BN","Dwayne Bowe",8,0,4,3,"Now I'm Selling Cars N I know Y",7,"KC","WR"
"223","BN","Brian Quick",0,1,4,3,"Now I'm Selling Cars N I know Y",7,"StL","WR"
"224","IR","",0,1,4,3,"Now I'm Selling Cars N I know Y",7,"",""
"225","QB","Nick Foles",13,0,5,3,"Love in an Elevator",9,"Phi","QB"
"226","RB","LeSean McCoy",6,0,5,3,"Love in an Elevator",9,"Phi","RB"
"227","RB","Giovani Bernard",7,0,5,3,"Love in an Elevator",9,"Cin","RB"
"228","WR","Keenan Allen",2,0,5,3,"Love in an Elevator",9,"SD","WR"
"229","WR","Percy Harvin",2,0,5,3,"Love in an Elevator",9,"Sea","WR"
"230","TE","Niles Paul",0,0,5,3,"Love in an Elevator",9,"Wsh","TE"
"231","FLEX","Brian Quick",20,0,5,3,"Love in an Elevator",9,"StL","WR"
"232","K","Shaun Suisham",5,0,5,3,"Love in an Elevator",9,"Pit","K"
"233","D/ST","Lions",11,0,5,3,"Love in an Elevator",9,"Det","D/ST"
"234","BN","C.J. Spiller",2,0,5,3,"Love in an Elevator",9,"Buf","RB"
"235","BN","Stevan Ridley",17,0,5,3,"Love in an Elevator",9,"NE","RB"
"236","BN","Mike Wallace",0,1,5,3,"Love in an Elevator",9,"Mia","WR"
"237","BN","Lamar Miller",0,1,5,3,"Love in an Elevator",9,"Mia","RB"
"238","BN","Dwayne Bowe",4,0,5,3,"Love in an Elevator",9,"KC","WR"
"239","BN","Teddy Bridgewater",0,0,5,3,"Love in an Elevator",9,"Min","QB"
"240","IR","",0,1,5,3,"Love in an Elevator",9,"",""
"241","QB","Peyton Manning",22,0,1,4,"The Peasemakers",1,"Den","QB"
"242","RB","Rashad Jennings",15,0,1,4,"The Peasemakers",1,"NYG","RB"
"243","RB","Danny Woodhead",0,0,1,4,"The Peasemakers",1,"SD    RB","IR"
"244","WR","Alshon Jeffery",7,0,1,4,"The Peasemakers",1,"Chi","WR"
"245","WR","Reggie Wayne",9,0,1,4,"The Peasemakers",1,"Ind","WR"
"246","TE","Jimmy Graham",8,0,1,4,"The Peasemakers",1,"NO","TE"
"247","FLEX","Greg Jennings",11,0,1,4,"The Peasemakers",1,"Min","WR"
"248","K","Blair Walsh",13,0,1,4,"The Peasemakers",1,"Min","K"
"249","D/ST","Saints",-4,0,1,4,"The Peasemakers",1,"NO","D/ST"
"250","BN","Dennis Pitta",8,0,1,4,"The Peasemakers",1,"Bal    TE","IR"
"251","BN","Danny Amendola",1,0,1,4,"The Peasemakers",1,"NE","WR"
"252","BN","Ahmad Bradshaw",8,0,1,4,"The Peasemakers",1,"Ind","RB"
"253","BN","Steve Smith",17,0,1,4,"The Peasemakers",1,"Bal","WR"
"254","BN","Ryan Fitzpatrick",13,0,1,4,"The Peasemakers",1,"Hou","QB"
"255","BN","Bryce Brown",0,0,1,4,"The Peasemakers",1,"Buf","RB"
"256","IR","",0,1,1,4,"The Peasemakers",1,"",""
"257","QB","Peyton Manning",21,0,2,4,"Love in an Elevator",9,"Den","QB"
"258","RB","Rashad Jennings",8,0,2,4,"Love in an Elevator",9,"NYG","RB"
"259","RB","Danny Woodhead",5,0,2,4,"Love in an Elevator",9,"SD    RB","IR"
"260","WR","Alshon Jeffery",4,0,2,4,"Love in an Elevator",9,"Chi","WR"
"261","WR","Reggie Wayne",2,0,2,4,"Love in an Elevator",9,"Ind","WR"
"262","TE","Jimmy Graham",23,0,2,4,"Love in an Elevator",9,"NO","TE"
"263","FLEX","Greg Jennings",0,0,2,4,"Love in an Elevator",9,"Min","WR"
"264","K","Blair Walsh",0,0,2,4,"Love in an Elevator",9,"Min","K"
"265","D/ST","Saints",0,0,2,4,"Love in an Elevator",9,"NO","D/ST"
"266","BN","Dennis Pitta",3,0,2,4,"Love in an Elevator",9,"Bal    TE","IR"
"267","BN","Danny Amendola",0,0,2,4,"Love in an Elevator",9,"NE","WR"
"268","BN","Ahmad Bradshaw",21,0,2,4,"Love in an Elevator",9,"Ind","RB"
"269","BN","Steve Smith",7,0,2,4,"Love in an Elevator",9,"Bal","WR"
"270","BN","Ryan Fitzpatrick",13,0,2,4,"Love in an Elevator",9,"Hou","QB"
"271","BN","Justin Forsett",6,0,2,4,"Love in an Elevator",9,"Bal","RB"
"272","IR","",0,1,2,4,"Love in an Elevator",9,"",""
"273","QB","Peyton Manning",20,0,3,4,"Now I'm Selling Cars N I know Y",7,"Den","QB"
"274","RB","Rashad Jennings",23,0,3,4,"Now I'm Selling Cars N I know Y",7,"NYG","RB"
"275","RB","Danny Woodhead",0,0,3,4,"Now I'm Selling Cars N I know Y",7,"SD    RB","IR"
"276","WR","Alshon Jeffery",11,0,3,4,"Now I'm Selling Cars N I know Y",7,"Chi","WR"
"277","WR","Reggie Wayne",6,0,3,4,"Now I'm Selling Cars N I know Y",7,"Ind","WR"
"278","TE","Jimmy Graham",5,0,3,4,"Now I'm Selling Cars N I know Y",7,"NO","TE"
"279","FLEX","Dennis Pitta",1,0,3,4,"Now I'm Selling Cars N I know Y",7,"Bal    TE","IR"
"280","K","Blair Walsh",10,0,3,4,"Now I'm Selling Cars N I know Y",7,"Min","K"
"281","D/ST","Saints",6,0,3,4,"Now I'm Selling Cars N I know Y",7,"NO","D/ST"
"282","BN","Danny Amendola",0,0,3,4,"Now I'm Selling Cars N I know Y",7,"NE","WR"
"283","BN","Ahmad Bradshaw",13,0,3,4,"Now I'm Selling Cars N I know Y",7,"Ind","RB"
"284","BN","Greg Jennings",7,0,3,4,"Now I'm Selling Cars N I know Y",7,"Min","WR"
"285","BN","Steve Smith",10,0,3,4,"Now I'm Selling Cars N I know Y",7,"Bal","WR"
"286","BN","Ryan Fitzpatrick",18,0,3,4,"Now I'm Selling Cars N I know Y",7,"Hou","QB"
"287","BN","Justin Forsett",6,0,3,4,"Now I'm Selling Cars N I know Y",7,"Bal","RB"
"288","IR","",0,1,3,4,"Now I'm Selling Cars N I know Y",7,"",""
"289","QB","EJ Manuel",13,0,4,4,"Tom Terrific",12,"Buf","QB"
"290","RB","Rashad Jennings",5,0,4,4,"Tom Terrific",12,"NYG","RB"
"291","RB","Ahmad Bradshaw",11,0,4,4,"Tom Terrific",12,"Ind","RB"
"292","WR","Alshon Jeffery",10,0,4,4,"Tom Terrific",12,"Chi","WR"
"293","WR","Reggie Wayne",17,0,4,4,"Tom Terrific",12,"Ind","WR"
"294","TE","Jimmy Graham",12,0,4,4,"Tom Terrific",12,"NO","TE"
"295","FLEX","Steve Smith",25,0,4,4,"Tom Terrific",12,"Bal","WR"
"296","K","Blair Walsh",17,0,4,4,"Tom Terrific",12,"Min","K"
"297","D/ST","Chargers",10,0,4,4,"Tom Terrific",12,"SD","D/ST"
"298","BN","Peyton Manning",0,1,4,4,"Tom Terrific",12,"Den","QB"
"299","BN","Greg Jennings",7,0,4,4,"Tom Terrific",12,"Min","WR"
"300","BN","Devin Hester",13,0,4,4,"Tom Terrific",12,"Atl","WR"
"301","BN","",0,1,4,4,"Tom Terrific",12,"",""
"302","BN","",0,1,4,4,"Tom Terrific",12,"",""
"303","BN","",0,1,4,4,"Tom Terrific",12,"",""
"304","IR","",0,1,4,4,"Tom Terrific",12,"",""
"305","QB","Peyton Manning",31,0,5,4,"Mr. Ambree Hinano!",8,"Den","QB"
"306","RB","Rashad Jennings",6,0,5,4,"Mr. Ambree Hinano!",8,"NYG","RB"
"307","RB","Ahmad Bradshaw",5,0,5,4,"Mr. Ambree Hinano!",8,"Ind","RB"
"308","WR","Alshon Jeffery",15,0,5,4,"Mr. Ambree Hinano!",8,"Chi","WR"
"309","WR","Reggie Wayne",7,0,5,4,"Mr. Ambree Hinano!",8,"Ind","WR"
"310","TE","Jimmy Graham",3,0,5,4,"Mr. Ambree Hinano!",8,"NO","TE"
"311","FLEX","Steve Smith",1,0,5,4,"Mr. Ambree Hinano!",8,"Bal","WR"
"312","K","Blair Walsh",4,0,5,4,"Mr. Ambree Hinano!",8,"Min","K"
"313","D/ST","Chargers",16,0,5,4,"Mr. Ambree Hinano!",8,"SD","D/ST"
"314","BN","Greg Jennings",3,0,5,4,"Mr. Ambree Hinano!",8,"Min","WR"
"315","BN","Devin Hester",1,0,5,4,"Mr. Ambree Hinano!",8,"Atl","WR"
"316","BN","Joe Flacco",7,0,5,4,"Mr. Ambree Hinano!",8,"Bal","QB"
"317","BN","Isaiah Crowell",1,0,5,4,"Mr. Ambree Hinano!",8,"Cle","RB"
"318","BN","Andre Williams",13,0,5,4,"Mr. Ambree Hinano!",8,"NYG","RB"
"319","BN","Heath Miller",4,0,5,4,"Mr. Ambree Hinano!",8,"Pit","TE"
"320","IR","",0,1,5,4,"Mr. Ambree Hinano!",8,"",""
"321","QB","Matt Ryan",30,0,1,5,"Marcy Project Freestylers",10,"Atl","QB"
"322","RB","Le'Veon Bell",24,0,1,5,"Marcy Project Freestylers",10,"Pit","RB"
"323","RB","Eddie Lacy",4,0,1,5,"Marcy Project Freestylers",10,"GB","RB"
"324","WR","Dez Bryant",5,0,1,5,"Marcy Project Freestylers",10,"Dal","WR"
"325","WR","Michael Crabtree",2,0,1,5,"Marcy Project Freestylers",10,"SF","WR"
"326","TE","Heath Miller",2,0,1,5,"Marcy Project Freestylers",10,"Pit","TE"
"327","FLEX","Roddy White",13,0,1,5,"Marcy Project Freestylers",10,"Atl","WR"
"328","K","Matt Bryant",18,0,1,5,"Marcy Project Freestylers",10,"Atl","K"
"329","D/ST","Rams",-4,0,1,5,"Marcy Project Freestylers",10,"StL","D/ST"
"330","BN","Joique Bell",11,0,1,5,"Marcy Project Freestylers",10,"Det","RB"
"331","BN","Bernard Pierce",-1,0,1,5,"Marcy Project Freestylers",10,"Bal","RB"
"332","BN","Terrance West",10,0,1,5,"Marcy Project Freestylers",10,"Cle","RB"
"333","BN","Christine Michael",0,0,1,5,"Marcy Project Freestylers",10,"Sea","RB"
"334","BN","Jonathan Dwyer",2,0,1,5,"Marcy Project Freestylers",10,"Ari","RB"
"335","BN","Steelers",1,0,1,5,"Marcy Project Freestylers",10,"Pit","D/ST"
"336","IR","",0,1,1,5,"Marcy Project Freestylers",10,"",""
"337","QB","Matt Ryan",9,0,2,5,"Mr. Ambree Hinano!",8,"Atl","QB"
"338","RB","Le'Veon Bell",9,0,2,5,"Mr. Ambree Hinano!",8,"Pit","RB"
"339","RB","Eddie Lacy",5,0,2,5,"Mr. Ambree Hinano!",8,"GB","RB"
"340","WR","Dez Bryant",16,0,2,5,"Mr. Ambree Hinano!",8,"Dal","WR"
"341","WR","Roddy White",4,0,2,5,"Mr. Ambree Hinano!",8,"Atl","WR"
"342","TE","Heath Miller",1,0,2,5,"Mr. Ambree Hinano!",8,"Pit","TE"
"343","FLEX","Terrance West",14,0,2,5,"Mr. Ambree Hinano!",8,"Cle","RB"
"344","K","Matt Bryant",5,0,2,5,"Mr. Ambree Hinano!",8,"Atl","K"
"345","D/ST","Rams",8,0,2,5,"Mr. Ambree Hinano!",8,"StL","D/ST"
"346","BN","Michael Crabtree",14,0,2,5,"Mr. Ambree Hinano!",8,"SF","WR"
"347","BN","Joique Bell",7,0,2,5,"Mr. Ambree Hinano!",8,"Det","RB"
"348","BN","Bernard Pierce",9,0,2,5,"Mr. Ambree Hinano!",8,"Bal","RB"
"349","BN","Markus Wheaton",5,0,2,5,"Mr. Ambree Hinano!",8,"Pit","WR"
"350","BN","James Starks",0,0,2,5,"Mr. Ambree Hinano!",8,"GB","RB"
"351","BN","Steelers",1,0,2,5,"Mr. Ambree Hinano!",8,"Pit","D/ST"
"352","IR","",0,1,2,5,"Mr. Ambree Hinano!",8,"",""
"353","QB","Matt Ryan",23,0,3,5,"Stuck in Gears",2,"Atl","QB"
"354","RB","Le'Veon Bell",15,0,3,5,"Stuck in Gears",2,"Pit","RB"
"355","RB","Eddie Lacy",1,0,3,5,"Stuck in Gears",2,"GB","RB"
"356","WR","Dez Bryant",14,0,3,5,"Stuck in Gears",2,"Dal","WR"
"357","WR","Michael Crabtree",14,0,3,5,"Stuck in Gears",2,"SF","WR"
"358","TE","Travis Kelce",9,0,3,5,"Stuck in Gears",2,"KC","TE"
"359","FLEX","Joique Bell",3,0,3,5,"Stuck in Gears",2,"Det","RB"
"360","K","Matt Bryant",7,0,3,5,"Stuck in Gears",2,"Atl","K"
"361","D/ST","Rams",6,0,3,5,"Stuck in Gears",2,"StL","D/ST"
"362","BN","Roddy White",0,0,3,5,"Stuck in Gears",2,"Atl","WR"
"363","BN","Heath Miller",5,0,3,5,"Stuck in Gears",2,"Pit","TE"
"364","BN","Bernard Pierce",0,0,3,5,"Stuck in Gears",2,"Bal","RB"
"365","BN","Terrance West",9,0,3,5,"Stuck in Gears",2,"Cle","RB"
"366","BN","Markus Wheaton",3,0,3,5,"Stuck in Gears",2,"Pit","WR"
"367","BN","James Starks",3,0,3,5,"Stuck in Gears",2,"GB","RB"
"368","IR","",0,1,3,5,"Stuck in Gears",2,"",""
"369","QB","Matt Ryan",19,0,4,5,"Home of Minitron",11,"Atl","QB"
"370","RB","Le'Veon Bell",10,0,4,5,"Home of Minitron",11,"Pit","RB"
"371","RB","Eddie Lacy",11,0,4,5,"Home of Minitron",11,"GB","RB"
"372","WR","Dez Bryant",10,0,4,5,"Home of Minitron",11,"Dal","WR"
"373","WR","Michael Crabtree",4,0,4,5,"Home of Minitron",11,"SF","WR"
"374","TE","Travis Kelce",15,0,4,5,"Home of Minitron",11,"KC","TE"
"375","FLEX","Roddy White",13,0,4,5,"Home of Minitron",11,"Atl","WR"
"376","K","Matt Bryant",4,0,4,5,"Home of Minitron",11,"Atl","K"
"377","D/ST","Colts",10,0,4,5,"Home of Minitron",11,"Ind","D/ST"
"378","BN","Joique Bell",3,0,4,5,"Home of Minitron",11,"Det","RB"
"379","BN","Terrance West",0,1,4,5,"Home of Minitron",11,"Cle","RB"
"380","BN","Markus Wheaton",5,0,4,5,"Home of Minitron",11,"Pit","WR"
"381","BN","James Starks",0,0,4,5,"Home of Minitron",11,"GB","RB"
"382","BN","Allen Robinson",3,0,4,5,"Home of Minitron",11,"Jac","WR"
"383","BN","Rams",0,0,4,5,"Home of Minitron",11,"StL","D/ST"
"384","IR","",0,1,4,5,"Home of Minitron",11,"",""
"385","QB","Matt Ryan",14,0,5,5,"The Peasemakers",1,"Atl","QB"
"386","RB","Le'Veon Bell",11,0,5,5,"The Peasemakers",1,"Pit","RB"
"387","RB","Eddie Lacy",24,0,5,5,"The Peasemakers",1,"GB","RB"
"388","WR","Dez Bryant",14,0,5,5,"The Peasemakers",1,"Dal","WR"
"389","WR","Michael Crabtree",1,0,5,5,"The Peasemakers",1,"SF","WR"
"390","TE","Travis Kelce",7,0,5,5,"The Peasemakers",1,"KC","TE"
"391","FLEX","Roddy White",2,0,5,5,"The Peasemakers",1,"Atl","WR"
"392","K","Matt Bryant",8,0,5,5,"The Peasemakers",1,"Atl","K"
"393","D/ST","Browns",3,0,5,5,"The Peasemakers",1,"Cle","D/ST"
"394","BN","Terrance West",3,0,5,5,"The Peasemakers",1,"Cle","RB"
"395","BN","Markus Wheaton",1,0,5,5,"The Peasemakers",1,"Pit","WR"
"396","BN","Allen Robinson",5,0,5,5,"The Peasemakers",1,"Jac","WR"
"397","BN","Jerick McKinnon",4,0,5,5,"The Peasemakers",1,"Min","RB"
"398","BN","Jordan Reed",0,0,5,5,"The Peasemakers",1,"Wsh","TE"
"399","BN","",0,1,5,5,"The Peasemakers",1,"",""
"400","IR","Joique Bell",0,0,5,5,"The Peasemakers",1,"Det","RB"
"401","QB","Russell Wilson",17,0,1,6,"Home of Minitron",11,"Sea","QB"
"402","RB","Matt Forte",16,0,1,6,"Home of Minitron",11,"Chi","RB"
"403","RB","Frank Gore",6,0,1,6,"Home of Minitron",11,"SF","RB"
"404","WR","Julio Jones",9,0,1,6,"Home of Minitron",11,"Atl","WR"
"405","WR","Brandon Marshall",11,0,1,6,"Home of Minitron",11,"Chi","WR"
"406","TE","Zach Ertz",13,0,1,6,"Home of Minitron",11,"Phi","TE"
"407","FLEX","Riley Cooper",2,0,1,6,"Home of Minitron",11,"Phi","WR"
"408","K","Mason Crosby",4,0,1,6,"Home of Minitron",11,"GB","K"
"409","D/ST","Patriots",3,0,1,6,"Home of Minitron",11,"NE","D/ST"
"410","BN","Tony Romo",9,0,1,6,"Home of Minitron",11,"Dal","QB"
"411","BN","Terrance Williams",11,0,1,6,"Home of Minitron",11,"Dal","WR"
"412","BN","Jeremy Hill",1,0,1,6,"Home of Minitron",11,"Cin","RB"
"413","BN","Darren McFadden",1,0,1,6,"Home of Minitron",11,"Oak","RB"
"414","BN","Justin Hunter",6,0,1,6,"Home of Minitron",11,"Ten","WR"
"415","BN","Broncos",1,0,1,6,"Home of Minitron",11,"Den","D/ST"
"416","IR","",0,1,1,6,"Home of Minitron",11,"",""
"417","QB","Russell Wilson",17,0,2,6,"Now I'm Selling Cars N I know Y",7,"Sea","QB"
"418","RB","Matt Forte",3,0,2,6,"Now I'm Selling Cars N I know Y",7,"Chi","RB"
"419","RB","Frank Gore",13,0,2,6,"Now I'm Selling Cars N I know Y",7,"SF","RB"
"420","WR","Julio Jones",14,0,2,6,"Now I'm Selling Cars N I know Y",7,"Atl","WR"
"421","WR","Justin Hunter",2,0,2,6,"Now I'm Selling Cars N I know Y",7,"Ten","WR"
"422","TE","Zach Ertz",8,0,2,6,"Now I'm Selling Cars N I know Y",7,"Phi","TE"
"423","FLEX","Darren McFadden",12,0,2,6,"Now I'm Selling Cars N I know Y",7,"Oak","RB"
"424","K","Mason Crosby",13,0,2,6,"Now I'm Selling Cars N I know Y",7,"GB","K"
"425","D/ST","Patriots",26,0,2,6,"Now I'm Selling Cars N I know Y",7,"NE","D/ST"
"426","BN","Brandon Marshall",22,0,2,6,"Now I'm Selling Cars N I know Y",7,"Chi","WR"
"427","BN","Tony Romo",11,0,2,6,"Now I'm Selling Cars N I know Y",7,"Dal","QB"
"428","BN","Terrance Williams",2,0,2,6,"Now I'm Selling Cars N I know Y",7,"Dal","WR"
"429","BN","Jeremy Hill",15,0,2,6,"Now I'm Selling Cars N I know Y",7,"Cin","RB"
"430","BN","Malcom Floyd",0,0,2,6,"Now I'm Selling Cars N I know Y",7,"SD","WR"
"431","BN","Broncos",1,0,2,6,"Now I'm Selling Cars N I know Y",7,"Den","D/ST"
"432","IR","",0,1,2,6,"Now I'm Selling Cars N I know Y",7,"",""
"433","QB","Russell Wilson",21,0,3,6,"The Peasemakers",1,"Sea","QB"
"434","RB","Matt Forte",7,0,3,6,"The Peasemakers",1,"Chi","RB"
"435","RB","Frank Gore",1,0,3,6,"The Peasemakers",1,"SF","RB"
"436","WR","Julio Jones",28,0,3,6,"The Peasemakers",1,"Atl","WR"
"437","WR","Brandon Marshall",0,0,3,6,"The Peasemakers",1,"Chi","WR"
"438","TE","Zach Ertz",1,0,3,6,"The Peasemakers",1,"Phi","TE"
"439","FLEX","Jeremy Hill",9,0,3,6,"The Peasemakers",1,"Cin","RB"
"440","K","Mason Crosby",1,0,3,6,"The Peasemakers",1,"GB","K"
"441","D/ST","Patriots",6,0,3,6,"The Peasemakers",1,"NE","D/ST"
"442","BN","Tony Romo",15,0,3,6,"The Peasemakers",1,"Dal","QB"
"443","BN","Terrance Williams",9,0,3,6,"The Peasemakers",1,"Dal","WR"
"444","BN","Darren McFadden",5,0,3,6,"The Peasemakers",1,"Oak","RB"
"445","BN","Justin Hunter",3,0,3,6,"The Peasemakers",1,"Ten","WR"
"446","BN","Malcom Floyd",9,0,3,6,"The Peasemakers",1,"SD","WR"
"447","BN","Broncos",1,0,3,6,"The Peasemakers",1,"Den","D/ST"
"448","IR","",0,1,3,6,"The Peasemakers",1,"",""
"449","QB","Tony Romo",24,0,4,6,"Stuck in Gears",2,"Dal","QB"
"450","RB","Matt Forte",16,0,4,6,"Stuck in Gears",2,"Chi","RB"
"451","RB","Frank Gore",22,0,4,6,"Stuck in Gears",2,"SF","RB"
"452","WR","Julio Jones",8,0,4,6,"Stuck in Gears",2,"Atl","WR"
"453","WR","Brandon Marshall",7,0,4,6,"Stuck in Gears",2,"Chi","WR"
"454","TE","Zach Ertz",2,0,4,6,"Stuck in Gears",2,"Phi","TE"
"455","FLEX","Jordan Matthews",2,0,4,6,"Stuck in Gears",2,"Phi","WR"
"456","K","Mason Crosby",9,0,4,6,"Stuck in Gears",2,"GB","K"
"457","D/ST","Patriots",-5,0,4,6,"Stuck in Gears",2,"NE","D/ST"
"458","BN","Russell Wilson",0,1,4,6,"Stuck in Gears",2,"Sea","QB"
"459","BN","Terrance Williams",19,0,4,6,"Stuck in Gears",2,"Dal","WR"
"460","BN","Jeremy Hill",0,1,4,6,"Stuck in Gears",2,"Cin","RB"
"461","BN","Maurice Jones Drew",0,0,4,6,"Stuck in Gears",2,"Oak","RB"
"462","BN","DeAngelo Williams",3,0,4,6,"Stuck in Gears",2,"Car","RB"
"463","BN","Broncos",0,0,4,6,"Stuck in Gears",2,"Den","D/ST"
"464","IR","",0,1,4,6,"Stuck in Gears",2,"",""
"465","QB","Russell Wilson",34,0,5,6,"Marcy Project Freestylers",10,"Sea","QB"
"466","RB","Matt Forte",20,0,5,6,"Marcy Project Freestylers",10,"Chi","RB"
"467","RB","Frank Gore",10,0,5,6,"Marcy Project Freestylers",10,"SF","RB"
"468","WR","Julio Jones",10,0,5,6,"Marcy Project Freestylers",10,"Atl","WR"
"469","WR","Brandon Marshall",4,0,5,6,"Marcy Project Freestylers",10,"Chi","WR"
"470","TE","Zach Ertz",3,0,5,6,"Marcy Project Freestylers",10,"Phi","TE"
"471","FLEX","Jeremy Hill",6,0,5,6,"Marcy Project Freestylers",10,"Cin","RB"
"472","K","Mason Crosby",6,0,5,6,"Marcy Project Freestylers",10,"GB","K"
"473","D/ST","Broncos",3,0,5,6,"Marcy Project Freestylers",10,"Den","D/ST"
"474","BN","Tony Romo",18,0,5,6,"Marcy Project Freestylers",10,"Dal","QB"
"475","BN","Terrance Williams",13,0,5,6,"Marcy Project Freestylers",10,"Dal","WR"
"476","BN","Jordan Matthews",3,0,5,6,"Marcy Project Freestylers",10,"Phi","WR"
"477","BN","Maurice Jones Drew",0,1,5,6,"Marcy Project Freestylers",10,"Oak","RB"
"478","BN","Patriots",1,0,5,6,"Marcy Project Freestylers",10,"NE","D/ST"
"479","BN","49ers",2,0,5,6,"Marcy Project Freestylers",10,"SF","D/ST"
"480","IR","DeAngelo Williams",0,0,5,6,"Marcy Project Freestylers",10,"Car","RB"
"481","QB","Andrew Luck",25,0,1,7,"Love in an Elevator",9,"Ind","QB"
"482","RB","DeMarco Murray",17,0,1,7,"Love in an Elevator",9,"Dal","RB"
"483","RB","Bishop Sankey",2,0,1,7,"Love in an Elevator",9,"Ten","RB"
"484","WR","Demaryius Thomas",4,0,1,7,"Love in an Elevator",9,"Den","WR"
"485","WR","Marques Colston",9,0,1,7,"Love in an Elevator",9,"NO","WR"
"486","TE","Rob Gronkowski",10,0,1,7,"Love in an Elevator",9,"NE","TE"
"487","FLEX","Greg Olsen",14,0,1,7,"Love in an Elevator",9,"Car","TE"
"488","K","Stephen Gostkowski",10,0,1,7,"Love in an Elevator",9,"NE","K"
"489","D/ST","Cardinals",3,0,1,7,"Love in an Elevator",9,"Ari","D/ST"
"490","BN","Robert Griffin",8,0,1,7,"Love in an Elevator",9,"Wsh","QB"
"491","BN","DeSean Jackson",6,0,1,7,"Love in an Elevator",9,"Wsh","WR"
"492","BN","Pierre Thomas",8,0,1,7,"Love in an Elevator",9,"NO","RB"
"493","BN","Golden Tate",9,0,1,7,"Love in an Elevator",9,"Det","WR"
"494","BN","Mark Ingram",18,0,1,7,"Love in an Elevator",9,"NO","RB"
"495","BN","Carson Palmer",20,0,1,7,"Love in an Elevator",9,"Ari","QB"
"496","IR","",0,1,1,7,"Love in an Elevator",9,"",""
"497","QB","Andrew Luck",18,0,2,7,"Boston Bobcatz",6,"Ind","QB"
"498","RB","DeMarco Murray",20,0,2,7,"Boston Bobcatz",6,"Dal","RB"
"499","RB","Mark Ingram",16,0,2,7,"Boston Bobcatz",6,"NO","RB"
"500","WR","Demaryius Thomas",12,0,2,7,"Boston Bobcatz",6,"Den","WR"
"501","WR","Marques Colston",0,0,2,7,"Boston Bobcatz",6,"NO","WR"
"502","TE","Rob Gronkowski",3,0,2,7,"Boston Bobcatz",6,"NE","TE"
"503","FLEX","Greg Olsen",7,0,2,7,"Boston Bobcatz",6,"Car","TE"
"504","K","Stephen Gostkowski",14,0,2,7,"Boston Bobcatz",6,"NE","K"
"505","D/ST","Cardinals",17,0,2,7,"Boston Bobcatz",6,"Ari","D/ST"
"506","BN","Robert Griffin",3,0,2,7,"Boston Bobcatz",6,"Wsh","QB"
"507","BN","DeSean Jackson",1,0,2,7,"Boston Bobcatz",6,"Wsh","WR"
"508","BN","Pierre Thomas",2,0,2,7,"Boston Bobcatz",6,"NO","RB"
"509","BN","Golden Tate",5,0,2,7,"Boston Bobcatz",6,"Det","WR"
"510","BN","Carson Palmer",0,0,2,7,"Boston Bobcatz",6,"Ari","QB"
"511","BN","Matt Asiata",13,0,2,7,"Boston Bobcatz",6,"Min","RB"
"512","IR","",0,1,2,7,"Boston Bobcatz",6,"",""
"513","QB","Andrew Luck",31,0,3,7,"Quad Box",4,"Ind","QB"
"514","RB","DeMarco Murray",17,0,3,7,"Quad Box",4,"Dal","RB"
"515","RB","Matt Asiata",6,0,3,7,"Quad Box",4,"Min","RB"
"516","WR","Demaryius Thomas",5,0,3,7,"Quad Box",4,"Den","WR"
"517","WR","Golden Tate",5,0,3,7,"Quad Box",4,"Det","WR"
"518","TE","Rob Gronkowski",10,0,3,7,"Quad Box",4,"NE","TE"
"519","FLEX","Greg Olsen",12,0,3,7,"Quad Box",4,"Car","TE"
"520","K","Stephen Gostkowski",10,0,3,7,"Quad Box",4,"NE","K"
"521","D/ST","Cardinals",4,0,3,7,"Quad Box",4,"Ari","D/ST"
"522","BN","Robert Griffin",0,0,3,7,"Quad Box",4,"Wsh","QB"
"523","BN","DeSean Jackson",17,0,3,7,"Quad Box",4,"Wsh","WR"
"524","BN","Marques Colston",8,0,3,7,"Quad Box",4,"NO","WR"
"525","BN","Pierre Thomas",11,0,3,7,"Quad Box",4,"NO","RB"
"526","BN","Mark Ingram",0,0,3,7,"Quad Box",4,"NO","RB"
"527","BN","Carson Palmer",0,0,3,7,"Quad Box",4,"Ari","QB"
"528","IR","",0,1,3,7,"Quad Box",4,"",""
"529","QB","Andrew Luck",29,0,4,7,"Coffin Corner Gunners",3,"Ind","QB"
"530","RB","DeMarco Murray",26,0,4,7,"Coffin Corner Gunners",3,"Dal","RB"
"531","RB","Matt Asiata",27,0,4,7,"Coffin Corner Gunners",3,"Min","RB"
"532","WR","DeSean Jackson",0,0,4,7,"Coffin Corner Gunners",3,"Wsh","WR"
"533","WR","Golden Tate",11,0,4,7,"Coffin Corner Gunners",3,"Det","WR"
"534","TE","Rob Gronkowski",9,0,4,7,"Coffin Corner Gunners",3,"NE","TE"
"535","FLEX","Greg Olsen",3,0,4,7,"Coffin Corner Gunners",3,"Car","TE"
"536","K","Stephen Gostkowski",2,0,4,7,"Coffin Corner Gunners",3,"NE","K"
"537","D/ST","Dolphins",17,0,4,7,"Coffin Corner Gunners",3,"Mia","D/ST"
"538","BN","Demaryius Thomas",0,1,4,7,"Coffin Corner Gunners",3,"Den","WR"
"539","BN","Marques Colston",5,0,4,7,"Coffin Corner Gunners",3,"NO","WR"
"540","BN","Pierre Thomas",1,0,4,7,"Coffin Corner Gunners",3,"NO","RB"
"541","BN","Mark Ingram",0,0,4,7,"Coffin Corner Gunners",3,"NO","RB"
"542","BN","Carson Palmer",0,1,4,7,"Coffin Corner Gunners",3,"Ari","QB"
"543","BN","Cardinals",0,0,4,7,"Coffin Corner Gunners",3,"Ari","D/ST"
"544","IR","",0,1,4,7,"Coffin Corner Gunners",3,"",""
"545","QB","Andrew Luck",19,0,5,7,"Tom Terrific",12,"Ind","QB"
"546","RB","DeMarco Murray",16,0,5,7,"Tom Terrific",12,"Dal","RB"
"547","RB","Matt Asiata",5,0,5,7,"Tom Terrific",12,"Min","RB"
"548","WR","Demaryius Thomas",34,0,5,7,"Tom Terrific",12,"Den","WR"
"549","WR","Golden Tate",19,0,5,7,"Tom Terrific",12,"Det","WR"
"550","TE","Rob Gronkowski",16,0,5,7,"Tom Terrific",12,"NE","TE"
"551","FLEX","Marques Colston",6,0,5,7,"Tom Terrific",12,"NO","WR"
"552","K","Stephen Gostkowski",21,0,5,7,"Tom Terrific",12,"NE","K"
"553","D/ST","Cardinals",-2,0,5,7,"Tom Terrific",12,"Ari","D/ST"
"554","BN","DeSean Jackson",21,0,5,7,"Tom Terrific",12,"Wsh","WR"
"555","BN","Greg Olsen",19,0,5,7,"Tom Terrific",12,"Car","TE"
"556","BN","Pierre Thomas",22,0,5,7,"Tom Terrific",12,"NO","RB"
"557","BN","Mark Ingram",0,0,5,7,"Tom Terrific",12,"NO","RB"
"558","BN","Carson Palmer",0,0,5,7,"Tom Terrific",12,"Ari","QB"
"559","BN","Dolphins",0,0,5,7,"Tom Terrific",12,"Mia","D/ST"
"560","IR","",0,1,5,7,"Tom Terrific",12,"",""
"561","QB","Drew Brees",15,0,1,8,"Tom Terrific",12,"NO","QB"
"562","RB","Arian Foster",9,0,1,8,"Tom Terrific",12,"Hou","RB"
"563","RB","Alfred Morris",9,0,1,8,"Tom Terrific",12,"Wsh","RB"
"564","WR","Pierre Garcon",7,0,1,8,"Tom Terrific",12,"Wsh","WR"
"565","WR","Rueben Randle",0,0,1,8,"Tom Terrific",12,"NYG","WR"
"566","TE","Ladarius Green",2,0,1,8,"Tom Terrific",12,"SD","TE"
"567","FLEX","Ryan Mathews",12,0,1,8,"Tom Terrific",12,"SD","RB"
"568","K","Robbie Gould",9,0,1,8,"Tom Terrific",12,"Chi","K"
"569","D/ST","Ravens",1,0,1,8,"Tom Terrific",12,"Bal","D/ST"
"570","BN","Wes Welker",0,0,1,8,"Tom Terrific",12,"Den","WR"
"571","BN","Chris Ivory",16,0,1,8,"Tom Terrific",12,"NYJ","RB"
"572","BN","Kelvin Benjamin",15,0,1,8,"Tom Terrific",12,"Car","WR"
"573","BN","Brandin Cooks",14,0,1,8,"Tom Terrific",12,"NO","WR"
"574","BN","Eric Ebron",0,0,1,8,"Tom Terrific",12,"Det","TE"
"575","BN","Cody Latimer",0,0,1,8,"Tom Terrific",12,"Den","WR"
"576","IR","",0,1,1,8,"Tom Terrific",12,"",""
"577","QB","Drew Brees",15,0,2,8,"Wilfork Island",5,"NO","QB"
"578","RB","Arian Foster",20,0,2,8,"Wilfork Island",5,"Hou","RB"
"579","RB","Alfred Morris",20,0,2,8,"Wilfork Island",5,"Wsh","RB"
"580","WR","Pierre Garcon",1,0,2,8,"Wilfork Island",5,"Wsh","WR"
"581","WR","Brandin Cooks",4,0,2,8,"Wilfork Island",5,"NO","WR"
"582","TE","Dwayne Allen",0,0,2,8,"Wilfork Island",5,"Ind","TE"
"583","FLEX","Ryan Mathews",5,0,2,8,"Wilfork Island",5,"SD","RB"
"584","K","Robbie Gould",4,0,2,8,"Wilfork Island",5,"Chi","K"
"585","D/ST","Dolphins",-4,0,2,8,"Wilfork Island",5,"Mia","D/ST"
"586","BN","Ladarius Green",0,0,2,8,"Wilfork Island",5,"SD","TE"
"587","BN","Wes Welker",0,0,2,8,"Wilfork Island",5,"Den","WR"
"588","BN","Chris Ivory",10,0,2,8,"Wilfork Island",5,"NYJ","RB"
"589","BN","Kelvin Benjamin",4,0,2,8,"Wilfork Island",5,"Car","WR"
"590","BN","Rueben Randle",9,0,2,8,"Wilfork Island",5,"NYG","WR"
"591","BN","Ravens",1,0,2,8,"Wilfork Island",5,"Bal","D/ST"
"592","IR","",0,1,2,8,"Wilfork Island",5,"",""
"593","QB","Drew Brees",19,0,3,8,"Coffin Corner Gunners",3,"NO","QB"
"594","RB","Alfred Morris",7,0,3,8,"Coffin Corner Gunners",3,"Wsh","RB"
"595","RB","Chris Ivory",9,0,3,8,"Coffin Corner Gunners",3,"NYJ","RB"
"596","WR","Pierre Garcon",19,0,3,8,"Coffin Corner Gunners",3,"Wsh","WR"
"597","WR","Wes Welker",6,0,3,8,"Coffin Corner Gunners",3,"Den","WR"
"598","TE","Dwayne Allen",10,0,3,8,"Coffin Corner Gunners",3,"Ind","TE"
"599","FLEX","Brandin Cooks",7,0,3,8,"Coffin Corner Gunners",3,"NO","WR"
"600","K","Cody Parkey",15,0,3,8,"Coffin Corner Gunners",3,"Phi","K"
"601","D/ST","Ravens",2,0,3,8,"Coffin Corner Gunners",3,"Bal","D/ST"
"602","BN","Arian Foster",0,0,3,8,"Coffin Corner Gunners",3,"Hou","RB"
"603","BN","Ladarius Green",6,0,3,8,"Coffin Corner Gunners",3,"SD","TE"
"604","BN","Kelvin Benjamin",17,0,3,8,"Coffin Corner Gunners",3,"Car","WR"
"605","BN","Rueben Randle",2,0,3,8,"Coffin Corner Gunners",3,"NYG","WR"
"606","BN","Kirk Cousins",27,0,3,8,"Coffin Corner Gunners",3,"Wsh","QB"
"607","BN","Garrett Graham",4,0,3,8,"Coffin Corner Gunners",3,"Hou","TE"
"608","IR","Ryan Mathews",0,0,3,8,"Coffin Corner Gunners",3,"SD","RB"
"609","QB","Drew Brees",19,0,4,8,"Love in an Elevator",9,"NO","QB"
"610","RB","Arian Foster",5,0,4,8,"Love in an Elevator",9,"Hou","RB"
"611","RB","Alfred Morris",14,0,4,8,"Love in an Elevator",9,"Wsh","RB"
"612","WR","Pierre Garcon",2,0,4,8,"Love in an Elevator",9,"Wsh","WR"
"613","WR","Kelvin Benjamin",13,0,4,8,"Love in an Elevator",9,"Car","WR"
"614","TE","Dwayne Allen",9,0,4,8,"Love in an Elevator",9,"Ind","TE"
"615","FLEX","Brandin Cooks",3,0,4,8,"Love in an Elevator",9,"NO","WR"
"616","K","Dan Bailey",10,0,4,8,"Love in an Elevator",9,"Dal","K"
"617","D/ST","Steelers",2,0,4,8,"Love in an Elevator",9,"Pit","D/ST"
"618","BN","Wes Welker",0,1,4,8,"Love in an Elevator",9,"Den","WR"
"619","BN","Chris Ivory",9,0,4,8,"Love in an Elevator",9,"NYJ","RB"
"620","BN","Kirk Cousins",5,0,4,8,"Love in an Elevator",9,"Wsh","QB"
"621","BN","Darren McFadden",7,0,4,8,"Love in an Elevator",9,"Oak","RB"
"622","BN","Jared Cook",0,1,4,8,"Love in an Elevator",9,"StL","TE"
"623","BN","Seahawks",0,0,4,8,"Love in an Elevator",9,"Sea","D/ST"
"624","IR","Ryan Mathews",0,0,4,8,"Love in an Elevator",9,"SD","RB"
"625","QB","Drew Brees",16,0,5,8,"Quad Box",4,"NO","QB"
"626","RB","Arian Foster",28,0,5,8,"Quad Box",4,"Hou","RB"
"627","RB","Chris Ivory",4,0,5,8,"Quad Box",4,"NYJ","RB"
"628","WR","Wes Welker",5,0,5,8,"Quad Box",4,"Den","WR"
"629","WR","Kelvin Benjamin",1,0,5,8,"Quad Box",4,"Car","WR"
"630","TE","Jared Cook",4,0,5,8,"Quad Box",4,"StL","TE"
"631","FLEX","Alfred Morris",2,0,5,8,"Quad Box",4,"Wsh","RB"
"632","K","Cody Parkey",10,0,5,8,"Quad Box",4,"Phi","K"
"633","D/ST","Seahawks",2,0,5,8,"Quad Box",4,"Sea","D/ST"
"634","BN","Pierre Garcon",2,0,5,8,"Quad Box",4,"Wsh","WR"
"635","BN","Brandin Cooks",6,0,5,8,"Quad Box",4,"NO","WR"
"636","BN","Dwayne Allen",11,0,5,8,"Quad Box",4,"Ind","TE"
"637","BN","Kirk Cousins",19,0,5,8,"Quad Box",4,"Wsh","QB"
"638","BN","Darren McFadden",0,1,5,8,"Quad Box",4,"Oak","RB"
"639","BN","Justin Forsett",15,0,5,8,"Quad Box",4,"Bal","RB"
"640","IR","Ryan Mathews",0,0,5,8,"Quad Box",4,"SD","RB"
"641","QB","Tom Brady",9,0,1,9,"Now I'm Selling Cars N I know Y",7,"NE","QB"
"642","RB","Doug Martin",0,0,1,9,"Now I'm Selling Cars N I know Y",7,"TB","RB"
"643","RB","Reggie Bush",5,0,1,9,"Now I'm Selling Cars N I know Y",7,"Det","RB"
"644","WR","Jordy Nelson",8,0,1,9,"Now I'm Selling Cars N I know Y",7,"GB","WR"
"645","WR","Vincent Jackson",3,0,1,9,"Now I'm Selling Cars N I know Y",7,"TB","WR"
"646","TE","Jason Witten",1,0,1,9,"Now I'm Selling Cars N I know Y",7,"Dal","TE"
"647","FLEX","Torrey Smith",5,0,1,9,"Now I'm Selling Cars N I know Y",7,"Bal","WR"
"648","K","Steven Hauschka",10,0,1,9,"Now I'm Selling Cars N I know Y",7,"Sea","K"
"649","D/ST","Eagles",14,0,1,9,"Now I'm Selling Cars N I know Y",7,"Phi","D/ST"
"650","BN","Anquan Boldin",9,0,1,9,"Now I'm Selling Cars N I know Y",7,"SF","WR"
"651","BN","Eli Manning",6,0,1,9,"Now I'm Selling Cars N I know Y",7,"NYG","QB"
"652","BN","DeAndre Hopkins",14,0,1,9,"Now I'm Selling Cars N I know Y",7,"Hou","WR"
"653","BN","Delanie Walker",9,0,1,9,"Now I'm Selling Cars N I know Y",7,"Ten","TE"
"654","BN","Donald Brown",0,0,1,9,"Now I'm Selling Cars N I know Y",7,"SD","RB"
"655","BN","Bills",1,0,1,9,"Now I'm Selling Cars N I know Y",7,"Buf","D/ST"
"656","IR","",0,1,1,9,"Now I'm Selling Cars N I know Y",7,"",""
"657","QB","Tom Brady",9,0,2,9,"Quad Box",4,"NE","QB"
"658","RB","Doug Martin",0,0,2,9,"Quad Box",4,"TB","RB"
"659","RB","Reggie Bush",2,0,2,9,"Quad Box",4,"Det","RB"
"660","WR","Jordy Nelson",26,0,2,9,"Quad Box",4,"GB","WR"
"661","WR","Vincent Jackson",5,0,2,9,"Quad Box",4,"TB","WR"
"662","TE","Jason Witten",3,0,2,9,"Quad Box",4,"Dal","TE"
"663","FLEX","DeAndre Hopkins",8,0,2,9,"Quad Box",4,"Hou","WR"
"664","K","Steven Hauschka",3,0,2,9,"Quad Box",4,"Sea","K"
"665","D/ST","Bills",20,0,2,9,"Quad Box",4,"Buf","D/ST"
"666","BN","Torrey Smith",1,0,2,9,"Quad Box",4,"Bal","WR"
"667","BN","Anquan Boldin",3,0,2,9,"Quad Box",4,"SF","WR"
"668","BN","Eli Manning",15,0,2,9,"Quad Box",4,"NYG","QB"
"669","BN","Delanie Walker",20,0,2,9,"Quad Box",4,"Ten","TE"
"670","BN","Donald Brown",3,0,2,9,"Quad Box",4,"SD","RB"
"671","BN","Eagles",1,0,2,9,"Quad Box",4,"Phi","D/ST"
"672","IR","",0,1,2,9,"Quad Box",4,"",""
"673","QB","Tom Brady",13,0,3,9,"Home of Minitron",11,"NE","QB"
"674","RB","Reggie Bush",15,0,3,9,"Home of Minitron",11,"Det","RB"
"675","RB","Donald Brown",8,0,3,9,"Home of Minitron",11,"SD","RB"
"676","WR","Jordy Nelson",5,0,3,9,"Home of Minitron",11,"GB","WR"
"677","WR","Vincent Jackson",7,0,3,9,"Home of Minitron",11,"TB","WR"
"678","TE","Jason Witten",4,0,3,9,"Home of Minitron",11,"Dal","TE"
"679","FLEX","DeAndre Hopkins",11,0,3,9,"Home of Minitron",11,"Hou","WR"
"680","K","Steven Hauschka",7,0,3,9,"Home of Minitron",11,"Sea","K"
"681","D/ST","Eagles",4,0,3,9,"Home of Minitron",11,"Phi","D/ST"
"682","BN","Doug Martin",0,0,3,9,"Home of Minitron",11,"TB","RB"
"683","BN","Torrey Smith",2,0,3,9,"Home of Minitron",11,"Bal","WR"
"684","BN","Anquan Boldin",3,0,3,9,"Home of Minitron",11,"SF","WR"
"685","BN","Eli Manning",17,0,3,9,"Home of Minitron",11,"NYG","QB"
"686","BN","Delanie Walker",5,0,3,9,"Home of Minitron",11,"Ten","TE"
"687","BN","Bills",1,0,3,9,"Home of Minitron",11,"Buf","D/ST"
"688","IR","",0,1,3,9,"Home of Minitron",11,"",""
"689","QB","Tom Brady",4,0,4,9,"Mr. Ambree Hinano!",8,"NE","QB"
"690","RB","Reggie Bush",5,0,4,9,"Mr. Ambree Hinano!",8,"Det","RB"
"691","RB","Donald Brown",4,0,4,9,"Mr. Ambree Hinano!",8,"SD","RB"
"692","WR","Jordy Nelson",22,0,4,9,"Mr. Ambree Hinano!",8,"GB","WR"
"693","WR","Vincent Jackson",9,0,4,9,"Mr. Ambree Hinano!",8,"TB","WR"
"694","TE","Delanie Walker",14,0,4,9,"Mr. Ambree Hinano!",8,"Ten","TE"
"695","FLEX","Doug Martin",11,0,4,9,"Mr. Ambree Hinano!",8,"TB","RB"
"696","K","Robbie Gould",5,0,4,9,"Mr. Ambree Hinano!",8,"Chi","K"
"697","D/ST","Bills",8,0,4,9,"Mr. Ambree Hinano!",8,"Buf","D/ST"
"698","BN","Jason Witten",6,0,4,9,"Mr. Ambree Hinano!",8,"Dal","TE"
"699","BN","Torrey Smith",11,0,4,9,"Mr. Ambree Hinano!",8,"Bal","WR"
"700","BN","Anquan Boldin",6,0,4,9,"Mr. Ambree Hinano!",8,"SF","WR"
"701","BN","Eli Manning",32,0,4,9,"Mr. Ambree Hinano!",8,"NYG","QB"
"702","BN","DeAndre Hopkins",12,0,4,9,"Mr. Ambree Hinano!",8,"Hou","WR"
"703","BN","Steven Hauschka",0,0,4,9,"Mr. Ambree Hinano!",8,"Sea","K"
"704","IR","",0,1,4,9,"Mr. Ambree Hinano!",8,"",""
"705","QB","Eli Manning",16,0,5,9,"Coffin Corner Gunners",3,"NYG","QB"
"706","RB","Doug Martin",6,0,5,9,"Coffin Corner Gunners",3,"TB","RB"
"707","RB","Reggie Bush",4,0,5,9,"Coffin Corner Gunners",3,"Det","RB"
"708","WR","Jordy Nelson",12,0,5,9,"Coffin Corner Gunners",3,"GB","WR"
"709","WR","Vincent Jackson",14,0,5,9,"Coffin Corner Gunners",3,"TB","WR"
"710","TE","Delanie Walker",4,0,5,9,"Coffin Corner Gunners",3,"Ten","TE"
"711","FLEX","DeAndre Hopkins",6,0,5,9,"Coffin Corner Gunners",3,"Hou","WR"
"712","K","Robbie Gould",6,0,5,9,"Coffin Corner Gunners",3,"Chi","K"
"713","D/ST","Bills",11,0,5,9,"Coffin Corner Gunners",3,"Buf","D/ST"
"714","BN","Tom Brady",20,0,5,9,"Coffin Corner Gunners",3,"NE","QB"
"715","BN","Jason Witten",5,0,5,9,"Coffin Corner Gunners",3,"Dal","TE"
"716","BN","Torrey Smith",3,0,5,9,"Coffin Corner Gunners",3,"Bal","WR"
"717","BN","Anquan Boldin",7,0,5,9,"Coffin Corner Gunners",3,"SF","WR"
"718","BN","Donald Brown",2,0,5,9,"Coffin Corner Gunners",3,"SD","RB"
"719","BN","Steven Hauschka",1,0,5,9,"Coffin Corner Gunners",3,"Sea","K"
"720","IR","",0,1,5,9,"Coffin Corner Gunners",3,"",""
"721","QB","Matthew Stafford",29,0,1,10,"Wilfork Island",5,"Det","QB"
"722","RB","Marshawn Lynch",24,0,1,10,"Wilfork Island",5,"Sea","RB"
"723","RB","Maurice Jones Drew",2,0,1,10,"Wilfork Island",5,"Oak","RB"
"724","WR","Julian Edelman",11,0,1,10,"Wilfork Island",5,"NE","WR"
"725","WR","Michael Floyd",11,0,1,10,"Wilfork Island",5,"Ari","WR"
"726","TE","Julius Thomas",28,0,1,10,"Wilfork Island",5,"Den","TE"
"727","FLEX","Emmanuel Sanders",8,0,1,10,"Wilfork Island",5,"Den","WR"
"728","K","Nick Novak",5,0,1,10,"Wilfork Island",5,"SD","K"
"729","D/ST","Panthers",10,0,1,10,"Wilfork Island",5,"Car","D/ST"
"730","BN","DeAngelo Williams",7,0,1,10,"Wilfork Island",5,"Car","RB"
"731","BN","Kyle Rudolph",7,0,1,10,"Wilfork Island",5,"Min","TE"
"732","BN","LeGarrette Blount",6,0,1,10,"Wilfork Island",5,"Pit","RB"
"733","BN","Kendall Wright",10,0,1,10,"Wilfork Island",5,"Ten","WR"
"734","BN","Fred Jackson",7,0,1,10,"Wilfork Island",5,"Buf","RB"
"735","BN","Ben Roethlisberger",16,0,1,10,"Wilfork Island",5,"Pit","QB"
"736","IR","",0,1,1,10,"Wilfork Island",5,"",""
"737","QB","Matthew Stafford",13,0,2,10,"Stuck in Gears",2,"Det","QB"
"738","RB","Marshawn Lynch",11,0,2,10,"Stuck in Gears",2,"Sea","RB"
"739","RB","Fred Jackson",4,0,2,10,"Stuck in Gears",2,"Buf","RB"
"740","WR","Julian Edelman",14,0,2,10,"Stuck in Gears",2,"NE","WR"
"741","WR","Kendall Wright",3,0,2,10,"Stuck in Gears",2,"Ten","WR"
"742","TE","Julius Thomas",9,0,2,10,"Stuck in Gears",2,"Den","TE"
"743","FLEX","Emmanuel Sanders",10,0,2,10,"Stuck in Gears",2,"Den","WR"
"744","K","Nick Novak",15,0,2,10,"Stuck in Gears",2,"SD","K"
"745","D/ST","Panthers",14,0,2,10,"Stuck in Gears",2,"Car","D/ST"
"746","BN","Maurice Jones Drew",0,0,2,10,"Stuck in Gears",2,"Oak","RB"
"747","BN","DeAngelo Williams",0,0,2,10,"Stuck in Gears",2,"Car","RB"
"748","BN","Kyle Rudolph",5,0,2,10,"Stuck in Gears",2,"Min","TE"
"749","BN","LeGarrette Blount",0,0,2,10,"Stuck in Gears",2,"Pit","RB"
"750","BN","Michael Floyd",1,0,2,10,"Stuck in Gears",2,"Ari","WR"
"751","BN","Ben Roethlisberger",6,0,2,10,"Stuck in Gears",2,"Pit","QB"
"752","IR","",0,1,2,10,"Stuck in Gears",2,"",""
"753","QB","Matthew Stafford",3,0,3,10,"Tom Terrific",12,"Det","QB"
"754","RB","Marshawn Lynch",24,0,3,10,"Tom Terrific",12,"Sea","RB"
"755","RB","Fred Jackson",16,0,3,10,"Tom Terrific",12,"Buf","RB"
"756","WR","Julian Edelman",8,0,3,10,"Tom Terrific",12,"NE","WR"
"757","WR","Kendall Wright",4,0,3,10,"Tom Terrific",12,"Ten","WR"
"758","TE","Julius Thomas",7,0,3,10,"Tom Terrific",12,"Den","TE"
"759","FLEX","Emmanuel Sanders",14,0,3,10,"Tom Terrific",12,"Den","WR"
"760","K","Nick Novak",8,0,3,10,"Tom Terrific",12,"SD","K"
"761","D/ST","Panthers",-6,0,3,10,"Tom Terrific",12,"Car","D/ST"
"762","BN","Maurice Jones Drew",0,0,3,10,"Tom Terrific",12,"Oak","RB"
"763","BN","DeAngelo Williams",0,0,3,10,"Tom Terrific",12,"Car","RB"
"764","BN","Kyle Rudolph",2,0,3,10,"Tom Terrific",12,"Min","TE"
"765","BN","LeGarrette Blount",17,0,3,10,"Tom Terrific",12,"Pit","RB"
"766","BN","Michael Floyd",11,0,3,10,"Tom Terrific",12,"Ari","WR"
"767","BN","Ben Roethlisberger",15,0,3,10,"Tom Terrific",12,"Pit","QB"
"768","IR","",0,1,3,10,"Tom Terrific",12,"",""
"769","QB","Matthew Stafford",25,0,4,10,"The Peasemakers",1,"Det","QB"
"770","RB","LeGarrette Blount",2,0,4,10,"The Peasemakers",1,"Pit","RB"
"771","RB","Fred Jackson",8,0,4,10,"The Peasemakers",1,"Buf","RB"
"772","WR","Julian Edelman",2,0,4,10,"The Peasemakers",1,"NE","WR"
"773","WR","Kendall Wright",3,0,4,10,"The Peasemakers",1,"Ten","WR"
"774","TE","Andrew Quarless",0,0,4,10,"The Peasemakers",1,"GB","TE"
"775","FLEX","Eddie Royal",22,0,4,10,"The Peasemakers",1,"SD","WR"
"776","K","Nick Novak",15,0,4,10,"The Peasemakers",1,"SD","K"
"777","D/ST","Panthers",-7,0,4,10,"The Peasemakers",1,"Car","D/ST"
"778","BN","Marshawn Lynch",0,1,4,10,"The Peasemakers",1,"Sea","RB"
"779","BN","Julius Thomas",0,1,4,10,"The Peasemakers",1,"Den","TE"
"780","BN","Michael Floyd",0,1,4,10,"The Peasemakers",1,"Ari","WR"
"781","BN","Emmanuel Sanders",0,1,4,10,"The Peasemakers",1,"Den","WR"
"782","BN","Ben Roethlisberger",22,0,4,10,"The Peasemakers",1,"Pit","QB"
"783","BN","Roy Helu",7,0,4,10,"The Peasemakers",1,"Wsh","RB"
"784","IR","",0,1,4,10,"The Peasemakers",1,"",""
"785","QB","Matthew Stafford",10,0,5,10,"Boston Bobcatz",6,"Det","QB"
"786","RB","Marshawn Lynch",17,0,5,10,"Boston Bobcatz",6,"Sea","RB"
"787","RB","LeGarrette Blount",3,0,5,10,"Boston Bobcatz",6,"Pit","RB"
"788","WR","Julian Edelman",3,0,5,10,"Boston Bobcatz",6,"NE","WR"
"789","WR","Emmanuel Sanders",10,0,5,10,"Boston Bobcatz",6,"Den","WR"
"790","TE","Julius Thomas",18,0,5,10,"Boston Bobcatz",6,"Den","TE"
"791","FLEX","Eddie Royal",4,0,5,10,"Boston Bobcatz",6,"SD","WR"
"792","K","Nick Novak",7,0,5,10,"Boston Bobcatz",6,"SD","K"
"793","D/ST","Panthers",17,0,5,10,"Boston Bobcatz",6,"Car","D/ST"
"794","BN","Michael Floyd",0,0,5,10,"Boston Bobcatz",6,"Ari","WR"
"795","BN","Kendall Wright",20,0,5,10,"Boston Bobcatz",6,"Ten","WR"
"796","BN","Fred Jackson",11,0,5,10,"Boston Bobcatz",6,"Buf","RB"
"797","BN","Ben Roethlisberger",12,0,5,10,"Boston Bobcatz",6,"Pit","QB"
"798","BN","Andrew Quarless",1,0,5,10,"Boston Bobcatz",6,"GB","TE"
"799","BN","Roy Helu",5,0,5,10,"Boston Bobcatz",6,"Wsh","RB"
"800","IR","",0,1,5,10,"Boston Bobcatz",6,"",""
"801","QB","Philip Rivers",12,0,1,11,"Boston Bobcatz",6,"SD","QB"
"802","RB","Zac Stacy",4,0,1,11,"Boston Bobcatz",6,"StL","RB"
"803","RB","Chris Johnson",14,0,1,11,"Boston Bobcatz",6,"NYJ","RB"
"804","WR","Calvin Johnson",28,0,1,11,"Boston Bobcatz",6,"Det","WR"
"805","WR","Victor Cruz",2,0,1,11,"Boston Bobcatz",6,"NYG","WR"
"806","TE","Vernon Davis",16,0,1,11,"Boston Bobcatz",6,"SF","TE"
"807","FLEX","Jeremy Maclin",15,0,1,11,"Boston Bobcatz",6,"Phi","WR"
"808","K","Phil Dawson",3,0,1,11,"Boston Bobcatz",6,"SF","K"
"809","D/ST","Seahawks",8,0,1,11,"Boston Bobcatz",6,"Sea","D/ST"
"810","BN","Cam Newton",0,0,1,11,"Boston Bobcatz",6,"Car","QB"
"811","BN","Khiry Robinson",8,0,1,11,"Boston Bobcatz",6,"NO","RB"
"812","BN","Tavon Austin",3,0,1,11,"Boston Bobcatz",6,"StL","WR"
"813","BN","Darren Sproles",14,0,1,11,"Boston Bobcatz",6,"Phi","RB"
"814","BN","Devonta Freeman",2,0,1,11,"Boston Bobcatz",6,"Atl","RB"
"815","BN","Jerricho Cotchery",3,0,1,11,"Boston Bobcatz",6,"Car","WR"
"816","IR","Cecil Shorts III",0,0,1,11,"Boston Bobcatz",6,"Jac","WR"
"817","QB","Philip Rivers",24,0,2,11,"The Peasemakers",1,"SD","QB"
"818","RB","Chris Johnson",2,0,2,11,"The Peasemakers",1,"NYJ","RB"
"819","RB","Darren Sproles",23,0,2,11,"The Peasemakers",1,"Phi","RB"
"820","WR","Calvin Johnson",8,0,2,11,"The Peasemakers",1,"Det","WR"
"821","WR","Victor Cruz",6,0,2,11,"The Peasemakers",1,"NYG","WR"
"822","TE","Vernon Davis",3,0,2,11,"The Peasemakers",1,"SF","TE"
"823","FLEX","Jeremy Maclin",10,0,2,11,"The Peasemakers",1,"Phi","WR"
"824","K","Phil Dawson",8,0,2,11,"The Peasemakers",1,"SF","K"
"825","D/ST","Seahawks",-3,0,2,11,"The Peasemakers",1,"Sea","D/ST"
"826","BN","Zac Stacy",11,0,2,11,"The Peasemakers",1,"StL","RB"
"827","BN","Cam Newton",18,0,2,11,"The Peasemakers",1,"Car","QB"
"828","BN","Khiry Robinson",1,0,2,11,"The Peasemakers",1,"NO","RB"
"829","BN","Tavon Austin",2,0,2,11,"The Peasemakers",1,"StL","WR"
"830","BN","Devonta Freeman",2,0,2,11,"The Peasemakers",1,"Atl","RB"
"831","BN","Jerricho Cotchery",6,0,2,11,"The Peasemakers",1,"Car","WR"
"832","IR","Cecil Shorts III",0,0,2,11,"The Peasemakers",1,"Jac","WR"
"833","QB","Philip Rivers",18,0,3,11,"Love in an Elevator",9,"SD","QB"
"834","RB","Khiry Robinson",6,0,3,11,"Love in an Elevator",9,"NO","RB"
"835","RB","Darren Sproles",3,0,3,11,"Love in an Elevator",9,"Phi","RB"
"836","WR","Calvin Johnson",8,0,3,11,"Love in an Elevator",9,"Det","WR"
"837","WR","Victor Cruz",16,0,3,11,"Love in an Elevator",9,"NYG","WR"
"838","TE","Vernon Davis",0,0,3,11,"Love in an Elevator",9,"SF","TE"
"839","FLEX","Jeremy Maclin",21,0,3,11,"Love in an Elevator",9,"Phi","WR"
"840","K","Dan Carpenter",5,0,3,11,"Love in an Elevator",9,"Buf","K"
"841","D/ST","Seahawks",5,0,3,11,"Love in an Elevator",9,"Sea","D/ST"
"842","BN","Zac Stacy",11,0,3,11,"Love in an Elevator",9,"StL","RB"
"843","BN","Cam Newton",12,0,3,11,"Love in an Elevator",9,"Car","QB"
"844","BN","Chris Johnson",3,0,3,11,"Love in an Elevator",9,"NYJ","RB"
"845","BN","Cecil Shorts III",9,0,3,11,"Love in an Elevator",9,"Jac","WR"
"846","BN","Devonta Freeman",-1,0,3,11,"Love in an Elevator",9,"Atl","RB"
"847","BN","Jerricho Cotchery",0,0,3,11,"Love in an Elevator",9,"Car","WR"
"848","IR","Tavon Austin",0,0,3,11,"Love in an Elevator",9,"StL","WR"
"849","QB","Philip Rivers",27,0,4,11,"Wilfork Island",5,"SD","QB"
"850","RB","Khiry Robinson",9,0,4,11,"Wilfork Island",5,"NO","RB"
"851","RB","Darren Sproles",6,0,4,11,"Wilfork Island",5,"Phi","RB"
"852","WR","Calvin Johnson",1,0,4,11,"Wilfork Island",5,"Det","WR"
"853","WR","Victor Cruz",10,0,4,11,"Wilfork Island",5,"NYG","WR"
"854","TE","Vernon Davis",0,0,4,11,"Wilfork Island",5,"SF","TE"
"855","FLEX","Jeremy Maclin",5,0,4,11,"Wilfork Island",5,"Phi","WR"
"856","K","Dan Carpenter",5,0,4,11,"Wilfork Island",5,"Buf","K"
"857","D/ST","Bears",-4,0,4,11,"Wilfork Island",5,"Chi","D/ST"
"858","BN","Zac Stacy",0,1,4,11,"Wilfork Island",5,"StL","RB"
"859","BN","Cam Newton",11,0,4,11,"Wilfork Island",5,"Car","QB"
"860","BN","Chris Johnson",11,0,4,11,"Wilfork Island",5,"NYJ","RB"
"861","BN","Cecil Shorts III",2,0,4,11,"Wilfork Island",5,"Jac","WR"
"862","BN","Tavon Austin",0,1,4,11,"Wilfork Island",5,"StL","WR"
"863","BN","Jerricho Cotchery",8,0,4,11,"Wilfork Island",5,"Car","WR"
"864","IR","",0,1,4,11,"Wilfork Island",5,"",""
"865","QB","Philip Rivers",21,0,5,11,"Stuck in Gears",2,"SD","QB"
"866","RB","Khiry Robinson",14,0,5,11,"Stuck in Gears",2,"NO","RB"
"867","RB","Darren Sproles",5,0,5,11,"Stuck in Gears",2,"Phi","RB"
"868","WR","Calvin Johnson",0,0,5,11,"Stuck in Gears",2,"Det","WR"
"869","WR","Victor Cruz",2,0,5,11,"Stuck in Gears",2,"NYG","WR"
"870","TE","Owen Daniels",7,0,5,11,"Stuck in Gears",2,"Bal","TE"
"871","FLEX","Jeremy Maclin",13,0,5,11,"Stuck in Gears",2,"Phi","WR"
"872","K","Dan Carpenter",11,0,5,11,"Stuck in Gears",2,"Buf","K"
"873","D/ST","Bears",4,0,5,11,"Stuck in Gears",2,"Chi","D/ST"
"874","BN","Zac Stacy",5,0,5,11,"Stuck in Gears",2,"StL","RB"
"875","BN","Cam Newton",14,0,5,11,"Stuck in Gears",2,"Car","QB"
"876","BN","Vernon Davis",0,0,5,11,"Stuck in Gears",2,"SF","TE"
"877","BN","Chris Johnson",0,0,5,11,"Stuck in Gears",2,"NYJ","RB"
"878","BN","Tavon Austin",3,0,5,11,"Stuck in Gears",2,"StL","WR"
"879","BN","Jerricho Cotchery",4,0,5,11,"Stuck in Gears",2,"Car","WR"
"880","IR","Cecil Shorts III",0,0,5,11,"Stuck in Gears",2,"Jac","WR"
"881","QB","Aaron Rodgers",9,0,1,12,"Mr. Ambree Hinano!",8,"GB","QB"
"882","RB","Jamaal Charles",2,0,1,12,"Mr. Ambree Hinano!",8,"KC","RB"
"883","RB","Montee Ball",13,0,1,12,"Mr. Ambree Hinano!",8,"Den","RB"
"884","WR","Larry Fitzgerald",2,0,1,12,"Mr. Ambree Hinano!",8,"Ari","WR"
"885","WR","T.Y. Hilton",4,0,1,12,"Mr. Ambree Hinano!",8,"Ind","WR"
"886","TE","Antonio Gates",8,0,1,12,"Mr. Ambree Hinano!",8,"SD","TE"
"887","FLEX","James Jones",9,0,1,12,"Mr. Ambree Hinano!",8,"Oak","WR"
"888","K","Shayne Graham",12,0,1,12,"Mr. Ambree Hinano!",8,"NO","K"
"889","D/ST","Bengals",8,0,1,12,"Mr. Ambree Hinano!",8,"Cin","D/ST"
"890","BN","Josh McCown",13,0,1,12,"Mr. Ambree Hinano!",8,"TB","QB"
"891","BN","Toby Gerhart",5,0,1,12,"Mr. Ambree Hinano!",8,"Jac","RB"
"892","BN","Hakeem Nicks",9,0,1,12,"Mr. Ambree Hinano!",8,"Ind","WR"
"893","BN","Brandon LaFell",0,0,1,12,"Mr. Ambree Hinano!",8,"NE","WR"
"894","BN","Knile Davis",0,0,1,12,"Mr. Ambree Hinano!",8,"KC","RB"
"895","BN","Andrew Hawkins",8,0,1,12,"Mr. Ambree Hinano!",8,"Cle","WR"
"896","IR","",0,1,1,12,"Mr. Ambree Hinano!",8,"",""
"897","QB","Aaron Rodgers",27,0,2,12,"Coffin Corner Gunners",3,"GB","QB"
"898","RB","Jamaal Charles",0,0,2,12,"Coffin Corner Gunners",3,"KC","RB"
"899","RB","Montee Ball",8,0,2,12,"Coffin Corner Gunners",3,"Den","RB"
"900","WR","Larry Fitzgerald",5,0,2,12,"Coffin Corner Gunners",3,"Ari","WR"
"901","WR","Andrew Hawkins",7,0,2,12,"Coffin Corner Gunners",3,"Cle","WR"
"902","TE","Antonio Gates",27,0,2,12,"Coffin Corner Gunners",3,"SD","TE"
"903","FLEX","Toby Gerhart",0,0,2,12,"Coffin Corner Gunners",3,"Jac","RB"
"904","K","Shayne Graham",6,0,2,12,"Coffin Corner Gunners",3,"NO","K"
"905","D/ST","Bengals",12,0,2,12,"Coffin Corner Gunners",3,"Cin","D/ST"
"906","BN","Josh McCown",17,0,2,12,"Coffin Corner Gunners",3,"TB","QB"
"907","BN","T.Y. Hilton",6,0,2,12,"Coffin Corner Gunners",3,"Ind","WR"
"908","BN","Hakeem Nicks",0,0,2,12,"Coffin Corner Gunners",3,"Ind","WR"
"909","BN","Brandon LaFell",0,0,2,12,"Coffin Corner Gunners",3,"NE","WR"
"910","BN","James Jones",15,0,2,12,"Coffin Corner Gunners",3,"Oak","WR"
"911","BN","Knile Davis",21,0,2,12,"Coffin Corner Gunners",3,"KC","RB"
"912","IR","",0,1,2,12,"Coffin Corner Gunners",3,"",""
"913","QB","Aaron Rodgers",10,0,3,12,"Marcy Project Freestylers",10,"GB","QB"
"914","RB","Montee Ball",1,0,3,12,"Marcy Project Freestylers",10,"Den","RB"
"915","RB","Knile Davis",17,0,3,12,"Marcy Project Freestylers",10,"KC","RB"
"916","WR","Larry Fitzgerald",1,0,3,12,"Marcy Project Freestylers",10,"Ari","WR"
"917","WR","Andrew Hawkins",8,0,3,12,"Marcy Project Freestylers",10,"Cle","WR"
"918","TE","Antonio Gates",0,0,3,12,"Marcy Project Freestylers",10,"SD","TE"
"919","FLEX","James Jones",4,0,3,12,"Marcy Project Freestylers",10,"Oak","WR"
"920","K","Shayne Graham",2,0,3,12,"Marcy Project Freestylers",10,"NO","K"
"921","D/ST","Bengals",12,0,3,12,"Marcy Project Freestylers",10,"Cin","D/ST"
"922","BN","Jamaal Charles",0,0,3,12,"Marcy Project Freestylers",10,"KC","RB"
"923","BN","Josh McCown",0,0,3,12,"Marcy Project Freestylers",10,"TB","QB"
"924","BN","Toby Gerhart",6,0,3,12,"Marcy Project Freestylers",10,"Jac","RB"
"925","BN","T.Y. Hilton",8,0,3,12,"Marcy Project Freestylers",10,"Ind","WR"
"926","BN","Hakeem Nicks",11,0,3,12,"Marcy Project Freestylers",10,"Ind","WR"
"927","BN","Brandon LaFell",4,0,3,12,"Marcy Project Freestylers",10,"NE","WR"
"928","IR","",0,1,3,12,"Marcy Project Freestylers",10,"",""
"929","QB","Aaron Rodgers",28,0,4,12,"Quad Box",4,"GB","QB"
"930","RB","Jamaal Charles",28,0,4,12,"Quad Box",4,"KC","RB"
"931","RB","Toby Gerhart",7,0,4,12,"Quad Box",4,"Jac","RB"
"932","WR","T.Y. Hilton",10,0,4,12,"Quad Box",4,"Ind","WR"
"933","WR","Brandon LaFell",17,0,4,12,"Quad Box",4,"NE","WR"
"934","TE","Antonio Gates",3,0,4,12,"Quad Box",4,"SD","TE"
"935","FLEX","James Jones",8,0,4,12,"Quad Box",4,"Oak","WR"
"936","K","Shayne Graham",4,0,4,12,"Quad Box",4,"NO","K"
"937","D/ST","Bengals",0,1,4,12,"Quad Box",4,"Cin","D/ST"
"938","BN","Montee Ball",0,1,4,12,"Quad Box",4,"Den","RB"
"939","BN","Larry Fitzgerald",0,1,4,12,"Quad Box",4,"Ari","WR"
"940","BN","Josh McCown",0,0,4,12,"Quad Box",4,"TB","QB"
"941","BN","Hakeem Nicks",1,0,4,12,"Quad Box",4,"Ind","WR"
"942","BN","Knile Davis",11,0,4,12,"Quad Box",4,"KC","RB"
"943","BN","Andrew Hawkins",0,1,4,12,"Quad Box",4,"Cle","WR"
"944","IR","",0,1,4,12,"Quad Box",4,"",""
"945","QB","Aaron Rodgers",18,0,5,12,"Now I'm Selling Cars N I know Y",7,"GB","QB"
"946","RB","Jamaal Charles",8,0,5,12,"Now I'm Selling Cars N I know Y",7,"KC","RB"
"947","RB","Montee Ball",1,0,5,12,"Now I'm Selling Cars N I know Y",7,"Den","RB"
"948","WR","Larry Fitzgerald",5,0,5,12,"Now I'm Selling Cars N I know Y",7,"Ari","WR"
"949","WR","T.Y. Hilton",9,0,5,12,"Now I'm Selling Cars N I know Y",7,"Ind","WR"
"950","TE","Antonio Gates",18,0,5,12,"Now I'm Selling Cars N I know Y",7,"SD","TE"
"951","FLEX","Toby Gerhart",2,0,5,12,"Now I'm Selling Cars N I know Y",7,"Jac","RB"
"952","K","Shayne Graham",12,0,5,12,"Now I'm Selling Cars N I know Y",7,"NO","K"
"953","D/ST","Bengals",-6,0,5,12,"Now I'm Selling Cars N I know Y",7,"Cin","D/ST"
"954","BN","Josh McCown",0,0,5,12,"Now I'm Selling Cars N I know Y",7,"TB","QB"
"955","BN","Hakeem Nicks",2,0,5,12,"Now I'm Selling Cars N I know Y",7,"Ind","WR"
"956","BN","Brandon LaFell",2,0,5,12,"Now I'm Selling Cars N I know Y",7,"NE","WR"
"957","BN","James Jones",0,1,5,12,"Now I'm Selling Cars N I know Y",7,"Oak","WR"
"958","BN","Knile Davis",0,0,5,12,"Now I'm Selling Cars N I know Y",7,"KC","RB"
"959","BN","Andrew Hawkins",2,0,5,12,"Now I'm Selling Cars N I know Y",7,"Cle","WR"
"960","IR","",0,1,5,12,"Now I'm Selling Cars N I know Y",7,"",""
